{
    "prefill_latencies": [
        292.75496978759764,
        296.5241333007813,
        299.6946716308594,
        312.4841583251953,
        312.07163391113284,
        361.01076354980466,
        366.5945220947266,
        363.0816146850586,
        366.35345153808595,
        367.16990966796874
    ],
    "decoding_latencies": [
        2589.3677001953124,
        2598.3544189453123,
        2612.618603515625,
        2638.8672485351562,
        2635.082385253906,
        2699.5379150390627,
        2719.5061645507812,
        2707.5180419921876,
        2722.875622558594,
        2727.148303222656
    ],
    "predicted_prefill_latencies": [
        293.35419816331466,
        296.8851537808639,
        307.13655595797366,
        329.0646170972582,
        323.0840106680299,
        343.0201945333431,
        364.5548548251476,
        353.16026245559726,
        368.71431631817336,
        372.64613469417395
    ],
    "predicted_decoding_latencies": [
        2596.229683962881,
        2601.0673596927077,
        2615.580386882187,
        2649.4441169909724,
        2639.7687655313193,
        2673.632495640105,
        2717.171577208543,
        2692.9831985594105,
        2726.846928668196,
        2736.522280127849
    ],
    "dataset_lengths_in_tokens": [
        83,
        84,
        87,
        94,
        92,
        99,
        108,
        103,
        110,
        112
    ]
}