{"quadratic": [-0.02845538962816252, 8.283005685452355, -198.1060945808192], "linear": [0.09675351459652964, 43.89405196774566]}