{"prefill_latencies": [112.45427589416504, 113.88104705810547, 114.08253555297851, 114.52460823059081, 115.75445747375488, 116.98086242675781, 116.00297889709472, 116.30533409118652, 106.69597702026367, 106.56275749206543, 108.16647872924804, 108.25315475463867, 108.31731796264648, 107.56822357177734, 109.81894073486328, 108.05825729370117, 108.03635139465332, 111.1478313446045, 109.79442749023437, 111.10333251953125], "decoding_latencies": [2074.9291381835938, 1865.240283203125, 2025.9388854980468, 2105.11337890625, 2111.890576171875, 2119.1804443359374, 2112.1236083984377, 2113.5837890625, 2112.083251953125, 2110.67685546875, 2119.275769042969, 2118.832409667969, 2119.122448730469, 2118.4234252929687, 2122.4851196289064, 2119.2223876953126, 2119.1968383789062, 2129.041882324219, 2122.784704589844, 2127.6444702148438], "dataset_lengths_in_tokens": [82, 84, 84, 85, 90, 96, 90, 91, 100, 98, 107, 107, 109, 107, 111, 109, 109, 117, 111, 116]}