{"prefill_latencies": [294.9022506713867, 298.1135192871094, 299.3827667236328, 301.1255218505859, 310.1259002685547, 314.6159973144531, 310.83927764892576, 310.8140563964844, 359.3800704956055, 359.15073852539064, 363.8756072998047, 363.9826629638672, 365.34981231689454, 364.4763900756836, 366.30947265625, 365.2064483642578, 365.12193908691404, 380.8034729003906, 366.1605972290039, 380.1684143066406], "decoding_latencies": [51.836818359375, 50.72121484375, 52.15800634765625, 52.282954345703125, 52.702376708984374, 52.98145434570313, 52.65463403320312, 52.65726708984375, 53.983123779296875, 53.902701171875, 54.32974365234375, 54.3314130859375, 54.4188583984375, 54.32092822265625, 54.5212001953125, 54.40856176757813, 54.41275122070312, 55.042548828125, 54.52521899414062, 54.978749755859376], "dataset_lengths_in_tokens": [82, 84, 84, 85, 90, 96, 90, 91, 100, 98, 107, 107, 109, 107, 111, 109, 109, 117, 111, 116]}