{
    "predicted_prefill_latencies": [
        0.29335419816331465,
        0.2968851537808639,
        0.3071365559579737,
        0.3290646170972582,
        0.32308401066802994,
        0.3430201945333431,
        0.36455485482514755,
        0.3531602624555973,
        0.36871431631817336,
        0.37264613469417396
    ],
    "predicted_decode_latencies": [
        2.5443050902836233,
        2.5490460124988537,
        2.5632687791445434,
        2.596455234651153,
        2.586973390220693,
        2.6201598457273025,
        2.6628281456643723,
        2.6391235345882222,
        2.6723099900948317,
        2.681791834525292
    ],
    "predicted_latencies": [
        2.837659288446938,
        2.8459311662797173,
        2.870405335102517,
        2.925519851748411,
        2.9100574008887232,
        2.963180040260646,
        3.02738300048952,
        2.9922837970438194,
        3.041024306413005,
        3.054437969219466
    ],
    "actual_latencies": [
        2.611487060546875,
        2.61194140625,
        2.622839111328125,
        2.643375732421875,
        2.63741650390625,
        2.698318115234375,
        2.72045361328125,
        2.706873046875,
        2.72459423828125,
        2.729271728515625
    ],
    "actual_finish_time": [
        2.611487060546875,
        5.223428466796875,
        7.8462675781249995,
        13.127059814453125,
        10.48368408203125,
        15.8253779296875,
        21.252704589843752,
        18.5322509765625,
        23.977298828125,
        26.706570556640624
    ],
    "slo_list": [
        23,
        18,
        3,
        13,
        28,
        5,
        10,
        12,
        19,
        20
    ],
    "running_order": [
        0,
        1,
        2,
        4,
        3,
        5,
        7,
        6,
        8,
        9
    ],
    "individual_slo_violation": [
        0.0,
        0.0,
        23.486309438785547,
        0.016144196448862433,
        0.0,
        117.18880732056522,
        126.62336058629064,
        42.67030282080175,
        24.773503624454506,
        44.978088631198936
    ],
    "total_slo_violation": 379.7365166185455,
    "strategy": "SRTF"
}