{
    "predicted_prefill_latencies": [
        0.29335419816331465,
        0.2968851537808639,
        0.3071365559579737,
        0.3290646170972582,
        0.32308401066802994,
        0.3430201945333431,
        0.36455485482514755,
        0.3531602624555973,
        0.36871431631817336,
        0.37264613469417396
    ],
    "predicted_decode_latencies": [
        2.5443050902836233,
        2.5490460124988537,
        2.5632687791445434,
        2.596455234651153,
        2.586973390220693,
        2.6201598457273025,
        2.6628281456643723,
        2.6391235345882222,
        2.6723099900948317,
        2.681791834525292
    ],
    "predicted_latencies": [
        2.837659288446938,
        2.8459311662797173,
        2.870405335102517,
        2.925519851748411,
        2.9100574008887232,
        2.963180040260646,
        3.02738300048952,
        2.9922837970438194,
        3.041024306413005,
        3.054437969219466
    ],
    "actual_latencies": [
        2.60964013671875,
        2.614093994140625,
        2.619864990234375,
        2.646625,
        2.639559814453125,
        2.70194580078125,
        2.721011962890625,
        2.709850341796875,
        2.727120361328125,
        2.730319091796875
    ],
    "actual_finish_time": [
        2.60964013671875,
        5.223734130859375,
        7.84359912109375,
        10.49022412109375,
        13.129783935546875,
        15.831729736328125,
        18.55274169921875,
        21.262592041015626,
        23.989712402343752,
        26.720031494140628
    ],
    "slo_list": [
        23,
        18,
        3,
        13,
        28,
        5,
        10,
        12,
        19,
        20
    ],
    "running_order": [
        0,
        1,
        2,
        3,
        4,
        5,
        6,
        7,
        8,
        9
    ],
    "individual_slo_violation": [
        0.0,
        0.0,
        23.460452445860152,
        0.0,
        0.0,
        117.32636908085495,
        73.14939057355522,
        85.79561131828602,
        24.897229858103056,
        45.15882328224192
    ],
    "total_slo_violation": 369.7878765589013,
    "strategy": "FIFO"
}