{
    "predicted_prefill_latencies": [
        0.29335419816331465,
        0.2968851537808639,
        0.3071365559579737,
        0.3290646170972582,
        0.32308401066802994,
        0.3430201945333431,
        0.36455485482514755,
        0.3531602624555973,
        0.36871431631817336,
        0.37264613469417396
    ],
    "predicted_decode_latencies": [
        2.5443050902836233,
        2.5490460124988537,
        2.5632687791445434,
        2.596455234651153,
        2.586973390220693,
        2.6201598457273025,
        2.6628281456643723,
        2.6391235345882222,
        2.6723099900948317,
        2.681791834525292
    ],
    "predicted_latencies": [
        2.837659288446938,
        2.8459311662797173,
        2.870405335102517,
        2.925519851748411,
        2.9100574008887232,
        2.963180040260646,
        3.02738300048952,
        2.9922837970438194,
        3.041024306413005,
        3.054437969219466
    ],
    "actual_latencies": [
        2.6099345703125,
        2.61162255859375,
        2.61687255859375,
        2.6410888671875,
        2.638161865234375,
        2.698103271484375,
        2.7201962890625,
        2.706746337890625,
        2.72365771484375,
        2.72671484375
    ],
    "actual_finish_time": [
        10.643318115234376,
        5.3352802734375,
        15.96693701171875,
        23.972902587890623,
        21.331813720703124,
        8.033383544921875,
        26.693098876953123,
        13.350064453125,
        2.72365771484375,
        18.69365185546875
    ],
    "slo_list": [
        23,
        18,
        3,
        13,
        28,
        5,
        10,
        12,
        19,
        20
    ],
    "running_order": [
        8,
        1,
        5,
        0,
        7,
        2,
        9,
        4,
        3,
        6
    ],
    "individual_slo_violation": [
        0.0,
        0.0,
        168.1414554658816,
        120.40459120333672,
        0.0,
        9.201415730602802,
        278.6595501157336,
        1.8226740275917062,
        0.0,
        0.0
    ],
    "total_slo_violation": 578.2296865431464,
    "strategy": "RANDOM"
}