{
    "predicted_prefill_latencies": [
        0.29335419816331465,
        0.2968851537808639,
        0.3071365559579737,
        0.3290646170972582,
        0.32308401066802994,
        0.3430201945333431,
        0.36455485482514755,
        0.3531602624555973,
        0.36871431631817336,
        0.37264613469417396
    ],
    "predicted_decode_latencies": [
        2.5443050902836233,
        2.5490460124988537,
        2.5632687791445434,
        2.596455234651153,
        2.586973390220693,
        2.6201598457273025,
        2.6628281456643723,
        2.6391235345882222,
        2.6723099900948317,
        2.681791834525292
    ],
    "predicted_latencies": [
        2.837659288446938,
        2.8459311662797173,
        2.870405335102517,
        2.925519851748411,
        2.9100574008887232,
        2.963180040260646,
        3.02738300048952,
        2.9922837970438194,
        3.041024306413005,
        3.054437969219466
    ],
    "actual_latencies": [
        2.610628662109375,
        2.608890380859375,
        2.614275634765625,
        2.6393046875,
        2.634351318359375,
        2.692802001953125,
        2.7134990234375,
        2.702892578125,
        2.7213740234375,
        2.725334716796875
    ],
    "actual_finish_time": [
        24.029001708984374,
        15.971664306640626,
        2.614275634765625,
        13.362773925781251,
        26.66335302734375,
        5.30707763671875,
        8.02057666015625,
        10.72346923828125,
        18.693038330078124,
        21.418373046875
    ],
    "slo_list": [
        23,
        18,
        3,
        13,
        28,
        5,
        10,
        12,
        19,
        20
    ],
    "running_order": [
        2,
        5,
        6,
        7,
        3,
        1,
        8,
        9,
        0,
        4
    ],
    "individual_slo_violation": [
        1.0588445170927632,
        0.0,
        0.0,
        0.13160492122674095,
        0.0,
        0.09429667497277273,
        0.0,
        0.0,
        0.0,
        2.0117821001014726
    ],
    "total_slo_violation": 3.2965282133937492,
    "strategy": "OPTIMAL"
}